link,No,Km,Year,HP,Price
/offres/peugeot-208-82-style-puretech-panoramadach-pdc-essence-bleu-9b5bbbb7-70c4-46b9-ad7b-1751d68ec683,1,,,,
/offres/peugeot-208-active-klima-zv-einparkhilfe-tempomat-essence-noir-933aabe1-1dfc-4442-9610-75243f039264,2,,,,
/offres/peugeot-208-active-1-2-puretech-82-klima-sitzheizung-tempomat-essence-blanc-455f83ec-b795-49b9-9475-c1c06b2b8d01,3,,,,
/offres/peugeot-208-1-2-puretech-like-1-hand-klimaanlage-essence-gris-1368cc9f-1103-44ea-8ed3-533de38b1e59,4,,,,
/offres/peugeot-208-1-2-puretech-like-1-hand-klimaanlage-essence-gris-86d6ddab-9e77-4096-887b-d18b989325d9,5,,,,
/offres/peugeot-208-style-pt-82-style-paket-essence-noir-309ff39e-4443-4f0d-a0d0-59f8230927cc,6,,,,
/offres/peugeot-208-active-pdc-tempo-klima-sitzh-essence-gris-d799b6b7-337e-4f92-af93-afd01fffc900,7,,,,
/offres/peugeot-208-style-puretech-82-5t-style-paket-essence-noir-6f568e3f-e477-4c73-93e5-1bee212b18ba,8,,,,
/offres/peugeot-208-puretech-82-start-stop-active-essence-noir-0a0cbc07-7f8a-41a0-ad8d-3ba6acda2328,9,,,,
/offres/peugeot-208-blue-hdi-100-navi-klima-1-hand-diesel-blanc-979eb2cf-6808-4289-ac0d-8ff9220a0948,10,,,,
/offres/peugeot-208-active-nav-klima-carplay-pdc-shz-led-tempo-essence-gris-0d67d265-33d0-42fe-a34e-84bcc860d191,11,,,,
/offres/peugeot-208-active-essence-bleu-9d908bb3-4977-484e-a31e-04b47cec1405,12,,,,
/offres/peugeot-208-1-2-pure-tech-active-essence-noir-768fbe88-ad2a-458f-8e46-7fad5b8c81d3,13,,,,
/offres/peugeot-208-active-82-klima-einparkhilfe-sitzheizung-essence-gris-e318f4e0-b023-4664-80f0-d372001a3b55,14,,,,
/offres/peugeot-208-ptech-110-allure-mirrorscreen-sitzh-essence-gris-35e8445f-08cc-402b-9457-497132d46f6b,15,,,,
/offres/peugeot-208-bluehdi-100-allure-navi-shz-bt-kamera-diesel-bleu-44340d80-d03a-4d80-9ea8-989f25c290c3,16,,,,
/offres/peugeot-208-active-82-klima-einparkhilfe-sitzheizung-essence-noir-9757f532-5aa7-4eb5-81bb-ca90d84b2e3a,17,,,,
